"cdr3"	"cdr3_aa"	"junction"	"junction_aa"	"duplicate_count"	"v_call"	"d_call"	"j_call"	"v_germline_end"	"d_germline_start"	"d_germline_end"	"j_germline_start"	"np1_length"	"np2_length"	"v_cigar"	"sequence_id"	"sequence"	"rev_comp"	"productive"	"sequence_alignment"	"germline_alignment"	"d_cigar"	"j_cigar"	"Sample"	"Source"
"TCAATTCCCTGGAGCTTGGTGACTCTGCTGTGTATTTCTGTGCCAGCAGCTCTACGTTGGCATCATCAGCCCCAGCATTTTGGTGAT"	NA	"TCAATTCCCTGGAGCTTGGTGACTCTGCTGTGTATTTCTGTGCCAGCAGCTCTACGTTGGCATCATCAGCCCCAGCATTTTGGTGAT"	NA	2	"TCRBV3-1/3-2*01"	"NA"	"TCRBJ1-5*01"	50	58	61	64	8	3	NA	NA	"TCAATTCCCTGGAGCTTGGTGACTCTGCTGTGTATTTCTGTGCCAGCAGCTCTACGTTGGCATCATCAGCCCCAGCATTTTGGTGAT"	FALSE	FALSE	NA	NA	NA	NA	12211	"Blood"
"AAGATCCGGTCCACAAAGCTGGAGGACTCAGCCATGTACTTCTGTGCCAGCAGTGGCGGGGAGAACACTGAAGCTTTCTTTGGACAA"	"CASSGGENTEAFF"	"AAGATCCGGTCCACAAAGCTGGAGGACTCAGCCATGTACTTCTGTGCCAGCAGTGGCGGGGAGAACACTGAAGCTTTCTTTGGACAA"	"CASSGGENTEAFF"	2	"TCRBV2-1"	"TCRBD2-1*01"	"TCRBJ1-1*01"	-1	55	61	62	56	1	NA	NA	"AAGATCCGGTCCACAAAGCTGGAGGACTCAGCCATGTACTTCTGTGCCAGCAGTGGCGGGGAGAACACTGAAGCTTTCTTTGGACAA"	FALSE	TRUE	NA	NA	NA	NA	12211	"Blood"
"AATTCCCTGGAGCTTGGTGACTCTGCTGTGTATTTCTGTGCCAGCAGCCAAGGGACAGGCTATAATTCACCCCTCCACTTTGGGAAC"	"CASSQGTGYNSPLHF"	"AATTCCCTGGAGCTTGGTGACTCTGCTGTGTATTTCTGTGCCAGCAGCCAAGGGACAGGCTATAATTCACCCCTCCACTTTGGGAAC"	"CASSQGTGYNSPLHF"	1	"TCRBV3-1/3-2*01"	"TCRBD1-1*01"	"TCRBJ1-6*02"	-1	52	-1	59	53	60	NA	NA	"AATTCCCTGGAGCTTGGTGACTCTGCTGTGTATTTCTGTGCCAGCAGCCAAGGGACAGGCTATAATTCACCCCTCCACTTTGGGAAC"	FALSE	TRUE	NA	NA	NA	NA	12211	"Blood"
"GTGACCAGTGCCCATCCTGAAGACAGCAGCTTCTACATCTGCAGTGTCGACGCCCAGGGTTTGGGTACTGAAGCTTTCTTTGGACAA"	"CSVDAQGLGTEAFF"	"GTGACCAGTGCCCATCCTGAAGACAGCAGCTTCTACATCTGCAGTGTCGACGCCCAGGGTTTGGGTACTGAAGCTTTCTTTGGACAA"	"CSVDAQGLGTEAFF"	1	"TCRBV2"	"TCRBD1-1*01"	"TCRBJ1-1*01"	46	54	59	66	8	7	NA	NA	"GTGACCAGTGCCCATCCTGAAGACAGCAGCTTCTACATCTGCAGTGTCGACGCCCAGGGTTTGGGTACTGAAGCTTTCTTTGGACAA"	FALSE	TRUE	NA	NA	NA	NA	12211	"Blood"
"CTGGAGTCAGCTGCTCCCTCTCAGACTTCTGTTTACTTCTGTGCCAGCAGCCCGGGACAGGTTGGGCAGCCCCAGCATTTTGGTGAT"	"CASSPGQVGQPQHF"	"CTGGAGTCAGCTGCTCCCTCTCAGACTTCTGTTTACTTCTGTGCCAGCAGCCCGGGACAGGTTGGGCAGCCCCAGCATTTTGGTGAT"	"CASSPGQVGQPQHF"	1	"TCRBV6-7*01"	"TCRBD1-1*01"	"TCRBJ1-5*01"	50	53	61	66	3	5	NA	NA	"CTGGAGTCAGCTGCTCCCTCTCAGACTTCTGTTTACTTCTGTGCCAGCAGCCCGGGACAGGTTGGGCAGCCCCAGCATTTTGGTGAT"	FALSE	TRUE	NA	NA	NA	NA	12211	"Blood"
"TCGGCCCAAAAGAACCCGACAGCTTTCTATCTCTGTGCCAGTACCATAGGGGGGGCCCCACCCTACAATGAGCAGTTCTTCGGGCCA"	"CASTIGGAPPYNEQFF"	"TCGGCCCAAAAGAACCCGACAGCTTTCTATCTCTGTGCCAGTACCATAGGGGGGGCCCCACCCTACAATGAGCAGTTCTTCGGGCCA"	"CASTIGGAPPYNEQFF"	2	"TCRBV19-1*01"	"TCRBD2-1*01"	"TCRBJ2-1*01"	43	48	55	61	5	6	NA	NA	"TCGGCCCAAAAGAACCCGACAGCTTTCTATCTCTGTGCCAGTACCATAGGGGGGGCCCCACCCTACAATGAGCAGTTCTTCGGGCCA"	FALSE	TRUE	NA	NA	NA	NA	12211	"Blood"
"CTGGAGCTTGGTGACTCTGCTGTGTATTTCTGTGCCAGCAGCTTCAGTTGTCCTTTGCAAAGAAAAAACATTCAGTACTTCGGCGCC"	"CASSFSCPLQRKNIQYF"	"CTGGAGCTTGGTGACTCTGCTGTGTATTTCTGTGCCAGCAGCTTCAGTTGTCCTTTGCAAAGAAAAAACATTCAGTACTTCGGCGCC"	"CASSFSCPLQRKNIQYF"	1	"TCRBV3-1/3-2*01"	"TCRBD1-1*01"	"TCRBJ2-4*01"	42	44	47	63	2	16	NA	NA	"CTGGAGCTTGGTGACTCTGCTGTGTATTTCTGTGCCAGCAGCTTCAGTTGTCCTTTGCAAAGAAAAAACATTCAGTACTTCGGCGCC"	FALSE	TRUE	NA	NA	NA	NA	12211	"Blood"
"AAGATCCAGCCCTCAGAACCCAGGGACTCAGCTGTGTACTTCTGTGCCAGCAGTTTAGGCCAGGAGGTGGCCCAGTACTTCGGGCCA"	"CASSLGQEVAQYF"	"AAGATCCAGCCCTCAGAACCCAGGGACTCAGCTGTGTACTTCTGTGCCAGCAGTTTAGGCCAGGAGGTGGCCCAGTACTTCGGGCCA"	"CASSLGQEVAQYF"	1	"TCRBV12-3/12-4*01"	"TCRBD2-1*02"	"TCRBJ2-5*01"	58	62	67	70	4	3	NA	NA	"AAGATCCAGCCCTCAGAACCCAGGGACTCAGCTGTGTACTTCTGTGCCAGCAGTTTAGGCCAGGAGGTGGCCCAGTACTTCGGGCCA"	FALSE	TRUE	NA	NA	NA	NA	12211	"Blood"
"TCGGCTGCTCCCTCCCAAACATCTGTGTACTTCTGTGCCAGCAGCTCCCGACAACTTAGCCAGGCCTACGAGCAGTACTTCGGGCCG"	"CASSSRQLSQAYEQYF"	"TCGGCTGCTCCCTCCCAAACATCTGTGTACTTCTGTGCCAGCAGCTCCCGACAACTTAGCCAGGCCTACGAGCAGTACTTCGGGCCG"	"CASSSRQLSQAYEQYF"	1	"TCRBV6-2*02"	"NA"	"TCRBJ2-7*01"	45	49	53	64	4	11	NA	NA	"TCGGCTGCTCCCTCCCAAACATCTGTGTACTTCTGTGCCAGCAGCTCCCGACAACTTAGCCAGGCCTACGAGCAGTACTTCGGGCCG"	FALSE	TRUE	NA	NA	NA	NA	12211	"Blood"
"NNNNTGTCGGCTGCTCCCTCCCAAACATCTGTGTACTTCTGTGCCAGCAGAAGGGGACTCTTAGGGGTCGAGCAGTACTTCGGGCCG"	"CASRRGLLGVEQYF"	"NNNNTGTCGGCTGCTCCCTCCCAAACATCTGTGTACTTCTGTGCCAGCAGAAGGGGACTCTTAGGGGTCGAGCAGTACTTCGGGCCG"	"CASRRGLLGVEQYF"	1	"TCRBV6"	"TCRBD2-1"	"TCRBJ2-7*01"	50	53	59	68	3	9	NA	NA	"NNNNTGTCGGCTGCTCCCTCCCAAACATCTGTGTACTTCTGTGCCAGCAGAAGGGGACTCTTAGGGGTCGAGCAGTACTTCGGGCCG"	FALSE	TRUE	NA	NA	NA	NA	12211	"Blood"
"ATGAATGTGAGCACCTTGGAGCTGGGGGACTCGGCCCTTTATCTTTGCGCCAGCAGCTTCACCGGACTAGGGCAGTTCTTCGGGCCA"	"CASSFTGLGQFF"	"ATGAATGTGAGCACCTTGGAGCTGGGGGACTCGGCCCTTTATCTTTGCGCCAGCAGCTTCACCGGACTAGGGCAGTTCTTCGGGCCA"	"CASSFTGLGQFF"	1	"TCRBV5-1*01"	"TCRBD2-1"	"TCRBJ2-1*01"	59	63	70	71	4	1	NA	NA	"ATGAATGTGAGCACCTTGGAGCTGGGGGACTCGGCCCTTTATCTTTGCGCCAGCAGCTTCACCGGACTAGGGCAGTTCTTCGGGCCA"	FALSE	TRUE	NA	NA	NA	NA	12211	"Blood"
"GAGCACCTTGGAGCTGGGGGACTCGGCCCTTTATCTTTGCGCCAGCAGCTTGACTAGCGGGAGGGAAATGAGCAGTTCTTCGGGCCA"	NA	"GAGCACCTTGGAGCTGGGGGACTCGGCCCTTTATCTTTGCGCCAGCAGCTTGACTAGCGGGAGGGAAATGAGCAGTTCTTCGGGCCA"	NA	1	"TCRBV5-1*01"	"TCRBD2-1*02"	"TCRBJ2-1*01"	-1	52	65	66	53	1	NA	NA	"GAGCACCTTGGAGCTGGGGGACTCGGCCCTTTATCTTTGCGCCAGCAGCTTGACTAGCGGGAGGGAAATGAGCAGTTCTTCGGGCCA"	FALSE	FALSE	NA	NA	NA	NA	12211	"Blood"
"GCCTTGGAGCTGGACGACTCGGCCCTGTATCTCTGTGCCAGCAGCTCCGGACCTTACCAGGGGTCGGATACGCAGTATTTTGGCCCA"	"CASSSGPYQGSDTQYF"	"GCCTTGGAGCTGGACGACTCGGCCCTGTATCTCTGTGCCAGCAGCTCCGGACCTTACCAGGGGTCGGATACGCAGTATTTTGGCCCA"	"CASSSGPYQGSDTQYF"	1	"TCRBV5-4*01"	"TCRBD1-1*01"	"TCRBJ2-3*01"	46	57	63	66	11	3	NA	NA	"GCCTTGGAGCTGGACGACTCGGCCCTGTATCTCTGTGCCAGCAGCTCCGGACCTTACCAGGGGTCGGATACGCAGTATTTTGGCCCA"	FALSE	TRUE	NA	NA	NA	NA	12211	"Blood"
"CGCACAGAGCAGGAGGACTCGGCCGTGTATCTCTGTGCCAGCAGCTTGAGGTTGTCAGGGTAAAACTATGGCTACACCTTCGGTTCG"	"CASSLRLSG*NYGYTF"	"CGCACAGAGCAGGAGGACTCGGCCGTGTATCTCTGTGCCAGCAGCTTGAGGTTGTCAGGGTAAAACTATGGCTACACCTTCGGTTCG"	"CASSLRLSG*NYGYTF"	1	"TCRBV7-2"	"TCRBD1-1*01"	"TCRBJ1-2*01"	47	55	60	63	8	3	NA	NA	"CGCACAGAGCAGGAGGACTCGGCCGTGTATCTCTGTGCCAGCAGCTTGAGGTTGTCAGGGTAAAACTATGGCTACACCTTCGGTTCG"	FALSE	TRUE	NA	NA	NA	NA	12211	"Blood"
"CTGTGTACTTCTGTGCCAGCAGTGACTCCCCGGGTACGGCGTATACGGGACCCAGGGGAAAGCACAGATACGCAGTATTTTGGCCCA"	NA	"CTGTGTACTTCTGTGCCAGCAGTGACTCCCCGGGTACGGCGTATACGGGACCCAGGGGAAAGCACAGATACGCAGTATTTTGGCCCA"	NA	1	"TCRBV6-4*01"	"TCRBD1-1*01"	"TCRBJ2-3*01"	28	52	58	60	24	2	NA	NA	"CTGTGTACTTCTGTGCCAGCAGTGACTCCCCGGGTACGGCGTATACGGGACCCAGGGGAAAGCACAGATACGCAGTATTTTGGCCCA"	FALSE	FALSE	NA	NA	NA	NA	12211	"Blood"
"AGCAACATGAGCCCTGAAGACAGCAGCATATATCTCTGCAGCGTTTCGGCAGGGGCGAGGGATGGGTATGGCTACACCTTCGGTTCG"	"CSVSAGARDGYGYTF"	"AGCAACATGAGCCCTGAAGACAGCAGCATATATCTCTGCAGCGTTTCGGCAGGGGCGAGGGATGGGTATGGCTACACCTTCGGTTCG"	"CSVSAGARDGYGYTF"	1	"TCRBV29-1"	"TCRBD1-1*01"	"TCRBJ1-2*01"	45	49	55	66	4	11	NA	NA	"AGCAACATGAGCCCTGAAGACAGCAGCATATATCTCTGCAGCGTTTCGGCAGGGGCGAGGGATGGGTATGGCTACACCTTCGGTTCG"	FALSE	TRUE	NA	NA	NA	NA	12211	"Blood"
"GAGCTTGGTGACTCTGCTGTGTATTTCTGTGCCAGCAGCCTACGGAGTCCCATTTGCAAAGAAAAAAACATTCAGTACTTCGGCGCC"	"CASSLRSPICKEKNIQYF"	"GAGCTTGGTGACTCTGCTGTGTATTTCTGTGCCAGCAGCCTACGGAGTCCCATTTGCAAAGAAAAAAACATTCAGTACTTCGGCGCC"	"CASSLRSPICKEKNIQYF"	1	"TCRBV3-1/3-2*01"	"TCRBD2-1*02"	"TCRBJ2-4*01"	40	43	47	63	3	16	NA	NA	"GAGCTTGGTGACTCTGCTGTGTATTTCTGTGCCAGCAGCCTACGGAGTCCCATTTGCAAAGAAAAAAACATTCAGTACTTCGGCGCC"	FALSE	TRUE	NA	NA	NA	NA	12211	"Blood"
"CTGGAGTCAGCTGCTCCCTCTCAGACTTCTGTTTACTTCTATGCCAGCAGCCCGGGACAGGTTGGGCAGCCCCAGCATTTTGGTGAT"	"YASSPGQVGQPQHF"	"CTGGAGTCAGCTGCTCCCTCTCAGACTTCTGTTTACTTCTATGCCAGCAGCCCGGGACAGGTTGGGCAGCCCCAGCATTTTGGTGAT"	"YASSPGQVGQPQHF"	1	"TCRBV6-7*01"	"TCRBD1-1*01"	"TCRBJ1-5*01"	50	53	61	66	3	5	NA	NA	"CTGGAGTCAGCTGCTCCCTCTCAGACTTCTGTTTACTTCTATGCCAGCAGCCCGGGACAGGTTGGGCAGCCCCAGCATTTTGGTGAT"	FALSE	TRUE	NA	NA	NA	NA	12211	"Blood"
"NNNNTGTCGGCTGCTCCCTCCCAGACATCTGTGTACTTCTGTGCCAGCGGGGGACTTTTCTTACACAATGAGCAGTTCTTCGGGCCA"	"CASGGLFLHNEQFF"	"NNNNTGTCGGCTGCTCCCTCCCAGACATCTGTGTACTTCTGTGCCAGCGGGGGACTTTTCTTACACAATGAGCAGTTCTTCGGGCCA"	"CASGGLFLHNEQFF"	1	"TCRBV6-5*01"	"TCRBD2-1"	"TCRBJ2-1*01"	48	50	56	64	2	8	NA	NA	"NNNNTGTCGGCTGCTCCCTCCCAGACATCTGTGTACTTCTGTGCCAGCGGGGGACTTTTCTTACACAATGAGCAGTTCTTCGGGCCA"	FALSE	TRUE	NA	NA	NA	NA	12211	"Blood"
"NTGAAGATCCAGCCCTCAGAACCCAGGGACTCAGCTGTGTACTTCTGTGCCAGCAGTTTTACAGGACAGCCCCAGCATTTTGGTGAT"	"CASSFTGQPQHF"	"NTGAAGATCCAGCCCTCAGAACCCAGGGACTCAGCTGTGTACTTCTGTGCCAGCAGTTTTACAGGACAGCCCCAGCATTTTGGTGAT"	"CASSFTGQPQHF"	2	"TCRBV12-3/12-4*01"	"TCRBD1-1*01"	"TCRBJ1-5*01"	59	60	65	66	1	1	NA	NA	"NTGAAGATCCAGCCCTCAGAACCCAGGGACTCAGCTGTGTACTTCTGTGCCAGCAGTTTTACAGGACAGCCCCAGCATTTTGGTGAT"	FALSE	TRUE	NA	NA	NA	NA	12211	"Blood"
"GCTGCTCCCTCCCAGACATCTGTGTACTTCTGTGCCAGCAGTTCCCGACAATACCAGGGGTTCGATGAAAAACTGTTTTTTGGCAGT"	"CASSSRQYQGFDEKLFF"	"GCTGCTCCCTCCCAGACATCTGTGTACTTCTGTGCCAGCAGTTCCCGACAATACCAGGGGTTCGATGAAAAACTGTTTTTTGGCAGT"	"CASSSRQYQGFDEKLFF"	2	"TCRBV6"	"TCRBD1-1*01"	"TCRBJ1-4*01"	43	54	60	64	11	4	NA	NA	"GCTGCTCCCTCCCAGACATCTGTGTACTTCTGTGCCAGCAGTTCCCGACAATACCAGGGGTTCGATGAAAAACTGTTTTTTGGCAGT"	FALSE	TRUE	NA	NA	NA	NA	12211	"Blood"
"CTGACAGTGACCAGTGCCCATCCTGAAGACAGCAGCTTCTACATCTGCAGTGCTAGACAGGGGAACTATGGCTACACCTTCGGTTCG"	"CSARQGNYGYTF"	"CTGACAGTGACCAGTGCCCATCCTGAAGACAGCAGCTTCTACATCTGCAGTGCTAGACAGGGGAACTATGGCTACACCTTCGGTTCG"	"CSARQGNYGYTF"	2	"TCRBV2"	"TCRBD1-1*01"	"TCRBJ1-2*01"	-1	57	-1	63	58	64	NA	NA	"CTGACAGTGACCAGTGCCCATCCTGAAGACAGCAGCTTCTACATCTGCAGTGCTAGACAGGGGAACTATGGCTACACCTTCGGTTCG"	FALSE	TRUE	NA	NA	NA	NA	12211	"Blood"
"CTGTCCCTAGAGTCTGCCATCCCCAACCAGACAGCTCTTTACTTCTGTGCCACCAGCCTCAGGGGGTAACAAGCTTTCTTTGGACAA"	"CATSLRG*QAFF"	"CTGTCCCTAGAGTCTGCCATCCCCAACCAGACAGCTCTTTACTTCTGTGCCACCAGCCTCAGGGGGTAACAAGCTTTCTTTGGACAA"	"CATSLRG*QAFF"	2	"TCRBV24-1*01"	"TCRBD1-1*01"	"TCRBJ1-1*01"	56	59	66	70	3	4	NA	NA	"CTGTCCCTAGAGTCTGCCATCCCCAACCAGACAGCTCTTTACTTCTGTGCCACCAGCCTCAGGGGGTAACAAGCTTTCTTTGGACAA"	FALSE	TRUE	NA	NA	NA	NA	12211	"Blood"
"NTGAAGATCCAGCCCTCAGAACCCAGGGACTCAGCTGTGTACTTCTGTGCCAGCAGTTTGCGGTTCCGGCCCCAGCATTTTGGTGAT"	"CASSLRFRPQHF"	"NTGAAGATCCAGCCCTCAGAACCCAGGGACTCAGCTGTGTACTTCTGTGCCAGCAGTTTGCGGTTCCGGCCCCAGCATTTTGGTGAT"	"CASSLRFRPQHF"	1	"TCRBV12-3/12-4*01"	"TCRBD2-1"	"TCRBJ1-5*01"	-1	59	63	68	60	5	NA	NA	"NTGAAGATCCAGCCCTCAGAACCCAGGGACTCAGCTGTGTACTTCTGTGCCAGCAGTTTGCGGTTCCGGCCCCAGCATTTTGGTGAT"	FALSE	TRUE	NA	NA	NA	NA	12211	"Blood"
"CGGTCCACAAAGCTGGAGGACTCAGCCATGTACTTCTGTGCCAGCAGTGAAGTGGGGTTTGGGGCCAACGTCCTGACTTTCGGGGCC"	"CASSEVGFGANVLTF"	"CGGTCCACAAAGCTGGAGGACTCAGCCATGTACTTCTGTGCCAGCAGTGAAGTGGGGTTTGGGGCCAACGTCCTGACTTTCGGGGCC"	"CASSEVGFGANVLTF"	1	"TCRBV2-1"	"NA"	"TCRBJ2-6*01"	52	53	57	59	1	2	NA	NA	"CGGTCCACAAAGCTGGAGGACTCAGCCATGTACTTCTGTGCCAGCAGTGAAGTGGGGTTTGGGGCCAACGTCCTGACTTTCGGGGCC"	FALSE	TRUE	NA	NA	NA	NA	12211	"Blood"
"GAATGTGAGTGCCTTGGAGCTGGGGGACTCGGCCCTGTATCTCTGTGCCAGAAGCCCGGGACTAGCGGAACGCAGTTCTTCGGGCCA"	NA	"GAATGTGAGTGCCTTGGAGCTGGGGGACTCGGCCCTGTATCTCTGTGCCAGAAGCCCGGGACTAGCGGAACGCAGTTCTTCGGGCCA"	NA	1	"TCRBV5-3"	"TCRBD2-1"	"TCRBJ2-1*01"	55	57	68	71	2	3	NA	NA	"GAATGTGAGTGCCTTGGAGCTGGGGGACTCGGCCCTGTATCTCTGTGCCAGAAGCCCGGGACTAGCGGAACGCAGTTCTTCGGGCCA"	FALSE	FALSE	NA	NA	NA	NA	12211	"Blood"
"GTGAGCACCTTGGAGCTGGGGGACTCGGCCCTTTATCTTTGCGCCAGCAGCTTGGGGTTCCACACCGGGGAGCTGTTTTTTGGAGAA"	"CASSLGFHTGELFF"	"GTGAGCACCTTGGAGCTGGGGGACTCGGCCCTTTATCTTTGCGCCAGCAGCTTGGGGTTCCACACCGGGGAGCTGTTTTTTGGAGAA"	"CASSLGFHTGELFF"	2	"TCRBV5-1*01"	"NA"	"TCRBJ2-2*01"	-1	55	57	61	56	4	NA	NA	"GTGAGCACCTTGGAGCTGGGGGACTCGGCCCTTTATCTTTGCGCCAGCAGCTTGGGGTTCCACACCGGGGAGCTGTTTTTTGGAGAA"	FALSE	TRUE	NA	NA	NA	NA	12211	"Blood"
"ACTGTGACATCGGCCCAAAAGAACCCGACAGCTTTCTATCTCTGTGCCAGTAAAGGGGCGAAGAATCAGCCCCAGCATTTTGGTGAT"	"CASKGAKNQPQHF"	"ACTGTGACATCGGCCCAAAAGAACCCGACAGCTTTCTATCTCTGTGCCAGTAAAGGGGCGAAGAATCAGCCCCAGCATTTTGGTGAT"	"CASKGAKNQPQHF"	1	"TCRBV19-1*01"	"TCRBD1-1*01"	"TCRBJ1-5*01"	52	53	58	63	1	5	NA	NA	"ACTGTGACATCGGCCCAAAAGAACCCGACAGCTTTCTATCTCTGTGCCAGTAAAGGGGCGAAGAATCAGCCCCAGCATTTTGGTGAT"	FALSE	TRUE	NA	NA	NA	NA	12211	"Blood"
"ACAGTGACCAGTGCCCATCCTGAAGACAGCAGCTTCTACATCTGCAGTGCTAGAAGGGACCGCAATCAGCCCCAGCATTTTGGTGAT"	"CSARRDRNQPQHF"	"ACAGTGACCAGTGCCCATCCTGAAGACAGCAGCTTCTACATCTGCAGTGCTAGAAGGGACCGCAATCAGCCCCAGCATTTTGGTGAT"	"CSARRDRNQPQHF"	1	"TCRBV2"	"NA"	"TCRBJ1-5*01"	54	55	60	61	1	1	NA	NA	"ACAGTGACCAGTGCCCATCCTGAAGACAGCAGCTTCTACATCTGCAGTGCTAGAAGGGACCGCAATCAGCCCCAGCATTTTGGTGAT"	FALSE	TRUE	NA	NA	NA	NA	12211	"Blood"
"GCCTTGGAGCTGGACGACTCGGCCCTGTATCTCTGTGCCAGCAGCACGGACAGGGGGCCCCTGAACACTGAAGCTTTCTTTGGACAA"	"CASSTDRGPLNTEAFF"	"GCCTTGGAGCTGGACGACTCGGCCCTGTATCTCTGTGCCAGCAGCACGGACAGGGGGCCCCTGAACACTGAAGCTTTCTTTGGACAA"	"CASSTDRGPLNTEAFF"	1	"TCRBV5-4*01"	"TCRBD1-1*01"	"TCRBJ1-1*01"	45	47	58	61	2	3	NA	NA	"GCCTTGGAGCTGGACGACTCGGCCCTGTATCTCTGTGCCAGCAGCACGGACAGGGGGCCCCTGAACACTGAAGCTTTCTTTGGACAA"	FALSE	TRUE	NA	NA	NA	NA	12211	"Blood"
"CACGGAGTCAGGTGACACAGCACTGTATTTCTGTGCCAGCAGGCTTAGGTAGCTACAGCAAGAAAAAACATTCAGTACTTCGGCGCC"	NA	"CACGGAGTCAGGTGACACAGCACTGTATTTCTGTGCCAGCAGGCTTAGGTAGCTACAGCAAGAAAAAACATTCAGTACTTCGGCGCC"	NA	1	"TCRBV21-1*01"	"NA"	"TCRBJ2-4*01"	42	54	58	63	12	5	NA	NA	"CACGGAGTCAGGTGACACAGCACTGTATTTCTGTGCCAGCAGGCTTAGGTAGCTACAGCAAGAAAAAACATTCAGTACTTCGGCGCC"	FALSE	FALSE	NA	NA	NA	NA	12211	"Blood"
"ACAAAGCTGGAGGACTCAGCCATGTACTTCTGTGCCAGCAGTGAAGCTCAGGTCTTTTCTGGGGCCAACGTCCTGACTTTCGGGGCC"	"CASSEAQVFSGANVLTF"	"ACAAAGCTGGAGGACTCAGCCATGTACTTCTGTGCCAGCAGTGAAGCTCAGGTCTTTTCTGGGGCCAACGTCCTGACTTTCGGGGCC"	"CASSEAQVFSGANVLTF"	1	"TCRBV2-1"	"TCRBD1-1*01"	"TCRBJ2-6*01"	47	48	52	57	1	5	NA	NA	"ACAAAGCTGGAGGACTCAGCCATGTACTTCTGTGCCAGCAGTGAAGCTCAGGTCTTTTCTGGGGCCAACGTCCTGACTTTCGGGGCC"	FALSE	TRUE	NA	NA	NA	NA	12211	"Blood"
"AGTGCCCATCCTGAAGACAGCAGCTTCTACATCTGCAGTGCTAGAGAGATAGCGGGAGGTGCTCAAGAGACCCAGTACTTCGGGCCA"	"CSAREIAGGAQETQYF"	"AGTGCCCATCCTGAAGACAGCAGCTTCTACATCTGCAGTGCTAGAGAGATAGCGGGAGGTGCTCAAGAGACCCAGTACTTCGGGCCA"	"CSAREIAGGAQETQYF"	1	"TCRBV2"	"TCRBD2-1*02"	"TCRBJ2-5*01"	47	49	59	63	2	4	NA	NA	"AGTGCCCATCCTGAAGACAGCAGCTTCTACATCTGCAGTGCTAGAGAGATAGCGGGAGGTGCTCAAGAGACCCAGTACTTCGGGCCA"	FALSE	TRUE	NA	NA	NA	NA	12211	"Blood"
"CGCTCACCAGGCCTGGGGGACGCAGCCATGTACCTGTGTGCCACCAGCCGCGGGAGTATAGACTCCTACGAGCAGTACTTCGGGCCG"	"CATSRGSIDSYEQYF"	"CGCTCACCAGGCCTGGGGGACGCAGCCATGTACCTGTGTGCCACCAGCCGCGGGAGTATAGACTCCTACGAGCAGTACTTCGGGCCG"	"CATSRGSIDSYEQYF"	1	"TCRBV15-1*02"	"TCRBD2-1*02"	"TCRBJ2-7*01"	48	49	56	62	1	6	NA	NA	"CGCTCACCAGGCCTGGGGGACGCAGCCATGTACCTGTGTGCCACCAGCCGCGGGAGTATAGACTCCTACGAGCAGTACTTCGGGCCG"	FALSE	TRUE	NA	NA	NA	NA	12211	"Blood"
"ATCCAGCGCACAGAGCAGGGGGACTCGGCCATGTATCTCTGTGCCAGCGGCTCGGACAGACCTGGAAACACCATATATTTTGGAGAG"	"CASGSDRPGNTIYF"	"ATCCAGCGCACAGAGCAGGGGGACTCGGCCATGTATCTCTGTGCCAGCGGCTCGGACAGACCTGGAAACACCATATATTTTGGAGAG"	"CASGSDRPGNTIYF"	2	"TCRBV7-9*01"	"TCRBD1-1*01"	"TCRBJ1-3*01"	52	53	59	61	1	2	NA	NA	"ATCCAGCGCACAGAGCAGGGGGACTCGGCCATGTATCTCTGTGCCAGCGGCTCGGACAGACCTGGAAACACCATATATTTTGGAGAG"	FALSE	TRUE	NA	NA	NA	NA	12211	"Blood"
"CTCTCTGGAGCTGGGGGACTCAGCTTTGTATTTCTGTGCCAGCAGCGTAGTCAGGGTCGGTTAGGAAACACCATATATTTTGGAGAG"	NA	"CTCTCTGGAGCTGGGGGACTCAGCTTTGTATTTCTGTGCCAGCAGCGTAGTCAGGGTCGGTTAGGAAACACCATATATTTTGGAGAG"	NA	1	"TCRBV9-1*01"	"TCRBD1-1*01"	"TCRBJ1-3*01"	50	51	56	63	1	7	NA	NA	"CTCTCTGGAGCTGGGGGACTCAGCTTTGTATTTCTGTGCCAGCAGCGTAGTCAGGGTCGGTTAGGAAACACCATATATTTTGGAGAG"	FALSE	FALSE	NA	NA	NA	NA	12211	"Blood"
"CCCAGGGACTCAGCTGTGTACTTCTGTGCCAGCAGTTTCATCTTACGGACTAGCGGTCCTAGTAACAATGAGCAGTTCTTCGGGCCA"	"CASSFILRTSGPSNNEQFF"	"CCCAGGGACTCAGCTGTGTACTTCTGTGCCAGCAGTTTCATCTTACGGACTAGCGGTCCTAGTAACAATGAGCAGTTCTTCGGGCCA"	"CASSFILRTSGPSNNEQFF"	1	"TCRBV12"	"TCRBD2-1"	"TCRBJ2-1*01"	38	46	56	64	8	8	NA	NA	"CCCAGGGACTCAGCTGTGTACTTCTGTGCCAGCAGTTTCATCTTACGGACTAGCGGTCCTAGTAACAATGAGCAGTTCTTCGGGCCA"	FALSE	TRUE	NA	NA	NA	NA	12211	"Blood"
"CTGAAGATCCAGCGCACAGAGCGGGGGGACTCAGCCGTGTATCTCTGTGCCAGCAGCTTAAACGGAGATACGCAGTATTTTGGCCCA"	"CASSLNGDTQYF"	"CTGAAGATCCAGCGCACAGAGCGGGGGGACTCAGCCGTGTATCTCTGTGCCAGCAGCTTAAACGGAGATACGCAGTATTTTGGCCCA"	"CASSLNGDTQYF"	1	"TCRBV7-3*01"	"TCRBD2-1"	"TCRBJ2-3*01"	61	62	-1	65	1	66	NA	NA	"CTGAAGATCCAGCGCACAGAGCGGGGGGACTCAGCCGTGTATCTCTGTGCCAGCAGCTTAAACGGAGATACGCAGTATTTTGGCCCA"	FALSE	TRUE	NA	NA	NA	NA	12211	"Blood"
"GGAGCTGGACGACTCGGCCCTGTATCTCTGTGCCAGCAGCCCCCCGAGCGGGAGGGCCTAAGAACAGATACGCAGTATTTTGGCCCA"	NA	"GGAGCTGGACGACTCGGCCCTGTATCTCTGTGCCAGCAGCCCCCCGAGCGGGAGGGCCTAAGAACAGATACGCAGTATTTTGGCCCA"	NA	1	"TCRBV5-4*01"	"TCRBD2-1*02"	"TCRBJ2-3*01"	40	46	56	63	6	7	NA	NA	"GGAGCTGGACGACTCGGCCCTGTATCTCTGTGCCAGCAGCCCCCCGAGCGGGAGGGCCTAAGAACAGATACGCAGTATTTTGGCCCA"	FALSE	FALSE	NA	NA	NA	NA	12211	"Blood"
"TTGTTGCTGGGGGACTCGGCCCTGTATCTCTGTGCCAGCAGCGGGGGGCGCGGACCAGCTTCGCTGGGGGAGCTGTTTTTTGGAGAA"	"CASSGGRGPASLGELFF"	"TTGTTGCTGGGGGACTCGGCCCTGTATCTCTGTGCCAGCAGCGGGGGGCGCGGACCAGCTTCGCTGGGGGAGCTGTTTTTTGGAGAA"	"CASSGGRGPASLGELFF"	1	"TCRBV5-5*01"	"NA"	"TCRBJ2-2*01"	42	43	49	66	1	17	NA	NA	"TTGTTGCTGGGGGACTCGGCCCTGTATCTCTGTGCCAGCAGCGGGGGGCGCGGACCAGCTTCGCTGGGGGAGCTGTTTTTTGGAGAA"	FALSE	TRUE	NA	NA	NA	NA	12211	"Blood"
"TCTAAGAAGCTCCTTCTCAGTGACTCTGGCTTCTATCTCTGTGCCTGGAAGCGGGACAGCTATAATTCACCCCTCCACTTTGGGAAT"	"CAWKRDSYNSPLHF"	"TCTAAGAAGCTCCTTCTCAGTGACTCTGGCTTCTATCTCTGTGCCTGGAAGCGGGACAGCTATAATTCACCCCTCCACTTTGGGAAT"	"CAWKRDSYNSPLHF"	1	"TCRBV3-1*01"	"NA"	"TCRBJ1-6*01"	49	52	-1	59	3	60	NA	NA	"TCTAAGAAGCTCCTTCTCAGTGACTCTGGCTTCTATCTCTGTGCCTGGAAGCGGGACAGCTATAATTCACCCCTCCACTTTGGGAAT"	FALSE	TRUE	NA	NA	NA	NA	12211	"Blood"
"CTGAATGTGAACGCCTTGGAGCTGGAGGACTCGGCCCTGTATCTCTGTGCCAGCAGCTTCCGGGGCGAGCGCTACACCTTCGGTTCG"	"CASSFRGERYTF"	"CTGAATGTGAACGCCTTGGAGCTGGAGGACTCGGCCCTGTATCTCTGTGCCAGCAGCTTCCGGGGCGAGCGCTACACCTTCGGTTCG"	"CASSFRGERYTF"	1	"TCRBV5-8*01"	"NA"	"TCRBJ1-2*01"	59	61	66	70	2	4	NA	NA	"CTGAATGTGAACGCCTTGGAGCTGGAGGACTCGGCCCTGTATCTCTGTGCCAGCAGCTTCCGGGGCGAGCGCTACACCTTCGGTTCG"	FALSE	TRUE	NA	NA	NA	NA	12211	"Blood"
"CCCTGGAGCTTGGTGACTCTGCTGTGTATTTCTGTGCCAGCAGCGGAATGTGTCTTGCAAAGAAAAAACATTCAGTACTTCGGCGCC"	NA	"CCCTGGAGCTTGGTGACTCTGCTGTGTATTTCTGTGCCAGCAGCGGAATGTGTCTTGCAAAGAAAAAACATTCAGTACTTCGGCGCC"	NA	1	"TCRBV3-1/3-2*01"	"NA"	"TCRBJ2-4*01"	-1	44	47	63	45	16	NA	NA	"CCCTGGAGCTTGGTGACTCTGCTGTGTATTTCTGTGCCAGCAGCGGAATGTGTCTTGCAAAGAAAAAACATTCAGTACTTCGGCGCC"	FALSE	FALSE	NA	NA	NA	NA	12211	"Blood"
"CAGCCTGCAGAGCAGGGGGACTCGGCCGTGTATGTCTGTGCAAGTCGCTTAGCGTGGGGGCGCGTTCAGCCCCAGCATTTTGGTGAT"	"CASRLAWGRVQPQHF"	"CAGCCTGCAGAGCAGGGGGACTCGGCCGTGTATGTCTGTGCAAGTCGCTTAGCGTGGGGGCGCGTTCAGCCCCAGCATTTTGGTGAT"	"CASRLAWGRVQPQHF"	1	"TCRBV12-2*01"	"TCRBD1-1*01"	"TCRBJ1-5*01"	53	55	61	65	2	4	NA	NA	"CAGCCTGCAGAGCAGGGGGACTCGGCCGTGTATGTCTGTGCAAGTCGCTTAGCGTGGGGGCGCGTTCAGCCCCAGCATTTTGGTGAT"	FALSE	TRUE	NA	NA	NA	NA	12211	"Blood"
"CAGCAGGTAGTGCGAGGAGATTCGGCAGCTTATTTCTGTGCCAGCTCCCCGGCCCAACAGGGGGCCAGCGAGCAGTACTTCGGGCCG"	"CASSPAQQGASEQYF"	"CAGCAGGTAGTGCGAGGAGATTCGGCAGCTTATTTCTGTGCCAGCTCCCCGGCCCAACAGGGGGCCAGCGAGCAGTACTTCGGGCCG"	"CASSPAQQGASEQYF"	1	"TCRBV18-1*01"	"TCRBD1-1*01"	"TCRBJ2-7*01"	47	56	65	68	9	3	NA	NA	"CAGCAGGTAGTGCGAGGAGATTCGGCAGCTTATTTCTGTGCCAGCTCCCCGGCCCAACAGGGGGCCAGCGAGCAGTACTTCGGGCCG"	FALSE	TRUE	NA	NA	NA	NA	12211	"Blood"
"CCAGCCCTCAGAACCCAGGGACTCAGCTGTGTACTTCTGTGCCAGCACCCCTTTTCGGGGGGATCCAATGAGCAGTTCTTCGGGCCA"	NA	"CCAGCCCTCAGAACCCAGGGACTCAGCTGTGTACTTCTGTGCCAGCACCCCTTTTCGGGGGGATCCAATGAGCAGTTCTTCGGGCCA"	NA	1	"TCRBV12"	"TCRBD2-1*01"	"TCRBJ2-1*01"	47	55	62	65	8	3	NA	NA	"CCAGCCCTCAGAACCCAGGGACTCAGCTGTGTACTTCTGTGCCAGCACCCCTTTTCGGGGGGATCCAATGAGCAGTTCTTCGGGCCA"	FALSE	FALSE	NA	NA	NA	NA	12211	"Blood"
"GCAGAGCTTGGGGACTCGGCCGTGTATCTCTGTGCCAGCAGCTCAAGAGAGAGGAGACGAACGGACAATGAGCAGTTCTTCGGGCCA"	"CASSSRERRRTDNEQFF"	"GCAGAGCTTGGGGACTCGGCCGTGTATCTCTGTGCCAGCAGCTCAAGAGAGAGGAGACGAACGGACAATGAGCAGTTCTTCGGGCCA"	"CASSSRERRRTDNEQFF"	1	"TCRBV11-3*01"	"TCRBD2-1*02"	"TCRBJ2-1*01"	43	52	56	64	9	8	NA	NA	"GCAGAGCTTGGGGACTCGGCCGTGTATCTCTGTGCCAGCAGCTCAAGAGAGAGGAGACGAACGGACAATGAGCAGTTCTTCGGGCCA"	FALSE	TRUE	NA	NA	NA	NA	12211	"Blood"
"CTGGAGTCCGCTACCAGCTCCCAGACATCTGTGTACTTCTGTGCCATCAGTGTAACAGGGATAGACAATGAGCAGTTCTTCGGGCCA"	"CAISVTGIDNEQFF"	"CTGGAGTCCGCTACCAGCTCCCAGACATCTGTGTACTTCTGTGCCATCAGTGTAACAGGGATAGACAATGAGCAGTTCTTCGGGCCA"	"CAISVTGIDNEQFF"	1	"TCRBV1-3*01"	"TCRBD1-1*01"	"TCRBJ2-1*01"	52	54	60	64	2	4	NA	NA	"CTGGAGTCCGCTACCAGCTCCCAGACATCTGTGTACTTCTGTGCCATCAGTGTAACAGGGATAGACAATGAGCAGTTCTTCGGGCCA"	FALSE	TRUE	NA	NA	NA	NA	12211	"Blood"
"TTGGCGTCTGCTGTACCCTCTCAGACATCTGTGTACTTCTGTGCCAGCAAGCGGGAGGGGTTCACCGGGGAGCTGTTTTTTGGAGAA"	"CASKREGFTGELFF"	"TTGGCGTCTGCTGTACCCTCTCAGACATCTGTGTACTTCTGTGCCAGCAAGCGGGAGGGGTTCACCGGGGAGCTGTTTTTTGGAGAA"	"CASKREGFTGELFF"	1	"TCRBV6-4*01"	"TCRBD2-1*02"	"TCRBJ2-2*01"	-1	49	59	62	50	3	NA	NA	"TTGGCGTCTGCTGTACCCTCTCAGACATCTGTGTACTTCTGTGCCAGCAAGCGGGAGGGGTTCACCGGGGAGCTGTTTTTTGGAGAA"	FALSE	TRUE	NA	NA	NA	NA	12211	"Blood"
"ATCCAGCGCACAGAGCAGGGGGACTCGGCCATGTATCTCTGTGCCAGCAGCTTAGACCTATACACCGGGGAGCTGTTTTTTGGAGAA"	"CASSLDLYTGELFF"	"ATCCAGCGCACAGAGCAGGGGGACTCGGCCATGTATCTCTGTGCCAGCAGCTTAGACCTATACACCGGGGAGCTGTTTTTTGGAGAA"	"CASSLDLYTGELFF"	2	"TCRBV7-9*01"	"TCRBD2-1"	"TCRBJ2-2*01"	55	57	60	61	2	1	NA	NA	"ATCCAGCGCACAGAGCAGGGGGACTCGGCCATGTATCTCTGTGCCAGCAGCTTAGACCTATACACCGGGGAGCTGTTTTTTGGAGAA"	FALSE	TRUE	NA	NA	NA	NA	12211	"Blood"
"CACGCCCTGCAGCCAGAAGACTCAGCCCTGTATCTCTGCGCCAGCCGGCGGGGAATCGGAATGAACACTGAAGCTTTCTTTGGACAA"	"CASRRGIGMNTEAFF"	"CACGCCCTGCAGCCAGAAGACTCAGCCCTGTATCTCTGCGCCAGCCGGCGGGGAATCGGAATGAACACTGAAGCTTTCTTTGGACAA"	"CASRRGIGMNTEAFF"	1	"TCRBV4-1*01"	"TCRBD2-1*01"	"TCRBJ1-1*01"	45	47	53	61	2	8	NA	NA	"CACGCCCTGCAGCCAGAAGACTCAGCCCTGTATCTCTGCGCCAGCCGGCGGGGAATCGGAATGAACACTGAAGCTTTCTTTGGACAA"	FALSE	TRUE	NA	NA	NA	NA	12211	"Blood"
"CTGGAGCTTGGTGACTCTGCTGTGTATTTCTGTGCCAGCAGCCATCTCGGGAGCGGGAGCTCCTACAATGAGCAGTTCTTCGGGCCA"	"CASSHLGSGSSYNEQFF"	"CTGGAGCTTGGTGACTCTGCTGTGTATTTCTGTGCCAGCAGCCATCTCGGGAGCGGGAGCTCCTACAATGAGCAGTTCTTCGGGCCA"	"CASSHLGSGSSYNEQFF"	1	"TCRBV3-1/3-2*01"	"TCRBD2-1*02"	"TCRBJ2-1*01"	44	51	-1	59	7	60	NA	NA	"CTGGAGCTTGGTGACTCTGCTGTGTATTTCTGTGCCAGCAGCCATCTCGGGAGCGGGAGCTCCTACAATGAGCAGTTCTTCGGGCCA"	FALSE	TRUE	NA	NA	NA	NA	12211	"Blood"
"CCAGCCCCAACCAGACCTCTCTGTACTTCTGTGCCAGCACCTCCGATACGGGGACCAGCCGAGGATTGGGAGCAGTACGTCGGGCCG"	NA	"CCAGCCCCAACCAGACCTCTCTGTACTTCTGTGCCAGCACCTCCGATACGGGGACCAGCCGAGGATTGGGAGCAGTACGTCGGGCCG"	NA	1	"TCRBV27-1*01"	"NA"	"TCRBJ2-7*02"	39	50	55	69	11	14	NA	NA	"CCAGCCCCAACCAGACCTCTCTGTACTTCTGTGCCAGCACCTCCGATACGGGGACCAGCCGAGGATTGGGAGCAGTACGTCGGGCCG"	FALSE	FALSE	NA	NA	NA	NA	12211	"Blood"
"CAGCTGCTCCCTCTCAGACTTCTGTTTACTTCTGTGCCAGCAGTTACTCGATCAGGGACGTCTGGAAACACCATATATTTTGGAGAG"	NA	"CAGCTGCTCCCTCTCAGACTTCTGTTTACTTCTGTGCCAGCAGTTACTCGATCAGGGACGTCTGGAAACACCATATATTTTGGAGAG"	NA	1	"TCRBV6-7*01"	"NA"	"TCRBJ1-3*01"	49	54	59	60	5	1	NA	NA	"CAGCTGCTCCCTCTCAGACTTCTGTTTACTTCTGTGCCAGCAGTTACTCGATCAGGGACGTCTGGAAACACCATATATTTTGGAGAG"	FALSE	FALSE	NA	NA	NA	NA	12211	"Blood"
"GTCCTCAGAACCGGGAGACACGGCACTGTATCTCTGCGCCAGCAGTCAATCGTACGGGACGGTGCAGGGCCCCAGCATTTTGGTGAT"	NA	"GTCCTCAGAACCGGGAGACACGGCACTGTATCTCTGCGCCAGCAGTCAATCGTACGGGACGGTGCAGGGCCCCAGCATTTTGGTGAT"	NA	1	"TCRBV23-1*01"	"NA"	"TCRBJ1-5*01"	51	55	60	68	4	8	NA	NA	"GTCCTCAGAACCGGGAGACACGGCACTGTATCTCTGCGCCAGCAGTCAATCGTACGGGACGGTGCAGGGCCCCAGCATTTTGGTGAT"	FALSE	FALSE	NA	NA	NA	NA	12211	"Blood"
"AGTTCTAAGAAGCTCCTTCTCAGTGACTCTGGCTTCTATCTCTGTGCCTGGAGGCACACTAGCAATCAGCCCCAGCATTTTGGTGAT"	"CAWRHTSNQPQHF"	"AGTTCTAAGAAGCTCCTTCTCAGTGACTCTGGCTTCTATCTCTGTGCCTGGAGGCACACTAGCAATCAGCCCCAGCATTTTGGTGAT"	"CAWRHTSNQPQHF"	1	"TCRBV3-1*01"	"TCRBD1-1*01"	"TCRBJ1-5*01"	53	55	58	59	2	1	NA	NA	"AGTTCTAAGAAGCTCCTTCTCAGTGACTCTGGCTTCTATCTCTGTGCCTGGAGGCACACTAGCAATCAGCCCCAGCATTTTGGTGAT"	FALSE	TRUE	NA	NA	NA	NA	12211	"Blood"
"CTGGAGTCAGCTGTACCCTCTCAGACATCTGTGTACTTCTGTGCCAGCAGTAAGAACAGGGTCCACTATGGCTACACCTTCGGTTCG"	"CASSKNRVHYGYTF"	"CTGGAGTCAGCTGTACCCTCTCAGACATCTGTGTACTTCTGTGCCAGCAGTAAGAACAGGGTCCACTATGGCTACACCTTCGGTTCG"	"CASSKNRVHYGYTF"	1	"TCRBV6-4*01"	"TCRBD1-1*01"	"TCRBJ1-2*01"	51	55	61	64	4	3	NA	NA	"CTGGAGTCAGCTGTACCCTCTCAGACATCTGTGTACTTCTGTGCCAGCAGTAAGAACAGGGTCCACTATGGCTACACCTTCGGTTCG"	FALSE	TRUE	NA	NA	NA	NA	12211	"Blood"
"ATCCTGGAGTCGCCCAGCCCCAACCAGACCTCCCTGTACTTCTGTGCCAGCAGTTTTGGCAGGGCCTACGAGCAGTACTTCGGGCCG"	"CASSFGRAYEQYF"	"ATCCTGGAGTCGCCCAGCCCCAACCAGACCTCCCTGTACTTCTGTGCCAGCAGTTTTGGCAGGGCCTACGAGCAGTACTTCGGGCCG"	"CASSFGRAYEQYF"	1	"TCRBV27-1*01"	"TCRBD1-1*01"	"TCRBJ2-7*01"	56	59	-1	64	3	65	NA	NA	"ATCCTGGAGTCGCCCAGCCCCAACCAGACCTCCCTGTACTTCTGTGCCAGCAGTTTTGGCAGGGCCTACGAGCAGTACTTCGGGCCG"	FALSE	TRUE	NA	NA	NA	NA	12211	"Blood"
"AGATCCAGTCCACGGAGTCAGGGGACACAGCACTGTATTTCTGTGCCAGCAGCTACCACAATTCGCACTGAAGCTTTCTTTGGACAA"	NA	"AGATCCAGTCCACGGAGTCAGGGGACACAGCACTGTATTTCTGTGCCAGCAGCTACCACAATTCGCACTGAAGCTTTCTTTGGACAA"	NA	1	"TCRBV21-1*01"	"TCRBD1-1*01"	"TCRBJ1-1*01"	53	57	60	65	4	5	NA	NA	"AGATCCAGTCCACGGAGTCAGGGGACACAGCACTGTATTTCTGTGCCAGCAGCTACCACAATTCGCACTGAAGCTTTCTTTGGACAA"	FALSE	FALSE	NA	NA	NA	NA	12211	"Blood"
"GCTACCCGCTCCCAGACATCTGTGTATTTCTGCGCCAGCACATGGACAGGGGGCGCGTCAGGGGCCAACGTCCTGACTTTCGGGGCC"	"CASTWTGGASGANVLTF"	"GCTACCCGCTCCCAGACATCTGTGTATTTCTGCGCCAGCACATGGACAGGGGGCGCGTCAGGGGCCAACGTCCTGACTTTCGGGGCC"	"CASTWTGGASGANVLTF"	1	"TCRBV1-2*01"	"TCRBD1-1*01"	"TCRBJ2-6*01"	40	43	54	60	3	6	NA	NA	"GCTACCCGCTCCCAGACATCTGTGTATTTCTGCGCCAGCACATGGACAGGGGGCGCGTCAGGGGCCAACGTCCTGACTTTCGGGGCC"	FALSE	TRUE	NA	NA	NA	NA	12211	"Blood"
"GTGAACGCCTTGGAGCTGGACGACTCGGCCCTGTATCTCTGTGCCAGCAGCCGGGGACAGCCAAATTCACCCCTCCACTTTGGGAAC"	"CASSRGQPNSPLHF"	"GTGAACGCCTTGGAGCTGGACGACTCGGCCCTGTATCTCTGTGCCAGCAGCCGGGGACAGCCAAATTCACCCCTCCACTTTGGGAAC"	"CASSRGQPNSPLHF"	1	"TCRBV5-4*01"	"TCRBD1-1*01"	"TCRBJ1-6*02"	51	53	60	63	2	3	NA	NA	"GTGAACGCCTTGGAGCTGGACGACTCGGCCCTGTATCTCTGTGCCAGCAGCCGGGGACAGCCAAATTCACCCCTCCACTTTGGGAAC"	FALSE	TRUE	NA	NA	NA	NA	12211	"Blood"
"GTAGTGCGAGGAGATTCGGCAGCTTATTTCTGTGCCAGCTCACCACCTAGGCAAGCGGGAGGGAACAATGAGCAGTTCTTCGGGCCA"	"CASSPPRQAGGNNEQFF"	"GTAGTGCGAGGAGATTCGGCAGCTTATTTCTGTGCCAGCTCACCACCTAGGCAAGCGGGAGGGAACAATGAGCAGTTCTTCGGGCCA"	"CASSPPRQAGGNNEQFF"	1	"TCRBV18-1*01"	"TCRBD2-1*02"	"TCRBJ2-1*01"	47	53	63	64	6	1	NA	NA	"GTAGTGCGAGGAGATTCGGCAGCTTATTTCTGTGCCAGCTCACCACCTAGGCAAGCGGGAGGGAACAATGAGCAGTTCTTCGGGCCA"	FALSE	TRUE	NA	NA	NA	NA	12211	"Blood"
"AGACAGCTCTTTACTTCTGTGCCACCAGTGATTTGCGCTCGGGCCGCGGGTAGCGGGAGGGCCGACGGGGAGCTGTTTTTTGGAGAA"	NA	"AGACAGCTCTTTACTTCTGTGCCACCAGTGATTTGCGCTCGGGCCGCGGGTAGCGGGAGGGCCGACGGGGAGCTGTTTTTTGGAGAA"	NA	1	"TCRBV24-1*01"	"TCRBD2-1*02"	"TCRBJ2-2*01"	35	50	61	65	15	4	NA	NA	"AGACAGCTCTTTACTTCTGTGCCACCAGTGATTTGCGCTCGGGCCGCGGGTAGCGGGAGGGCCGACGGGGAGCTGTTTTTTGGAGAA"	FALSE	FALSE	NA	NA	NA	NA	12211	"Blood"
"CTCAGCCCTGTATCTCTGCGCCAGCAGCCAAGATCGCGCCGGGGTGGGGATTATAAGGTCGTGATATCTGAAGCTTTCTTTGGACAA"	NA	"CTCAGCCCTGTATCTCTGCGCCAGCAGCCAAGATCGCGCCGGGGTGGGGATTATAAGGTCGTGATATCTGAAGCTTTCTTTGGACAA"	NA	1	"TCRBV4-1*01"	"TCRBD2-1*01"	"TCRBJ1-1*01"	33	39	44	67	6	23	NA	NA	"CTCAGCCCTGTATCTCTGCGCCAGCAGCCAAGATCGCGCCGGGGTGGGGATTATAAGGTCGTGATATCTGAAGCTTTCTTTGGACAA"	FALSE	FALSE	NA	NA	NA	NA	12211	"Blood"
"AAGATCCAGCCCTCAGAACCCAGGGACTCAGCTGTGTACTTCTGTGCCAGCAGTTTAGGGAAGAACACTGAAGCTTTCTTTGGACAA"	"CASSLGKNTEAFF"	"AAGATCCAGCCCTCAGAACCCAGGGACTCAGCTGTGTACTTCTGTGCCAGCAGTTTAGGGAAGAACACTGAAGCTTTCTTTGGACAA"	"CASSLGKNTEAFF"	1	"TCRBV12-3/12-4*01"	"NA"	"TCRBJ1-1*01"	-1	58	61	62	59	1	NA	NA	"AAGATCCAGCCCTCAGAACCCAGGGACTCAGCTGTGTACTTCTGTGCCAGCAGTTTAGGGAAGAACACTGAAGCTTTCTTTGGACAA"	FALSE	TRUE	NA	NA	NA	NA	12211	"Blood"
"GTGACCAGTGCCCATCCTGAAGACAGCAGCTTCTACATCTGCAGTGCCCGACTAGCGGGAGGGACAGATACGCAGTATTTTGGCCCA"	"CSARLAGGTDTQYF"	"GTGACCAGTGCCCATCCTGAAGACAGCAGCTTCTACATCTGCAGTGCCCGACTAGCGGGAGGGACAGATACGCAGTATTTTGGCCCA"	"CSARLAGGTDTQYF"	1	"TCRBV2"	"TCRBD2-1*02"	"TCRBJ2-3*01"	47	49	-1	63	2	64	NA	NA	"GTGACCAGTGCCCATCCTGAAGACAGCAGCTTCTACATCTGCAGTGCCCGACTAGCGGGAGGGACAGATACGCAGTATTTTGGCCCA"	FALSE	TRUE	NA	NA	NA	NA	12211	"Blood"
"CAGCGCACAGAGCAGGGGGACTCGGCCATGTATCTCTGTGCCAGCAGCTTGACAAGTTTCGCCTACAATGAGCAGTTCTTCGGGCCA"	"CASSLTSFAYNEQFF"	"CAGCGCACAGAGCAGGGGGACTCGGCCATGTATCTCTGTGCCAGCAGCTTGACAAGTTTCGCCTACAATGAGCAGTTCTTCGGGCCA"	"CASSLTSFAYNEQFF"	1	"TCRBV7-9*01"	"TCRBD1-1*01"	"TCRBJ2-1*01"	-1	50	54	61	51	7	NA	NA	"CAGCGCACAGAGCAGGGGGACTCGGCCATGTATCTCTGTGCCAGCAGCTTGACAAGTTTCGCCTACAATGAGCAGTTCTTCGGGCCA"	FALSE	TRUE	NA	NA	NA	NA	12211	"Blood"
"ATCGGCCCAAAAGAACCCGACAGCTTTCTATCTCTGTGCCAGTAGTTCTCGGACTAGCGGGACCACAATGAGCAGTTCTTCGGGCCA"	NA	"ATCGGCCCAAAAGAACCCGACAGCTTTCTATCTCTGTGCCAGTAGTTCTCGGACTAGCGGGACCACAATGAGCAGTTCTTCGGGCCA"	NA	1	"TCRBV19-1*01"	"TCRBD2-1*02"	"TCRBJ2-1*01"	46	50	62	64	4	2	NA	NA	"ATCGGCCCAAAAGAACCCGACAGCTTTCTATCTCTGTGCCAGTAGTTCTCGGACTAGCGGGACCACAATGAGCAGTTCTTCGGGCCA"	FALSE	FALSE	NA	NA	NA	NA	12211	"Blood"
"CACATCAATTCCCTGGAGCTTGGTGACTCTGCTGTGTATTTCTGTGCCAGCACACTAGCCCACACAGATACGCAGTATTTTGGCCCA"	"CASTLAHTDTQYF"	"CACATCAATTCCCTGGAGCTTGGTGACTCTGCTGTGTATTTCTGTGCCAGCACACTAGCCCACACAGATACGCAGTATTTTGGCCCA"	"CASTLAHTDTQYF"	1	"TCRBV3-1/3-2*01"	"TCRBD2-1"	"TCRBJ2-3*01"	52	53	59	62	1	3	NA	NA	"CACATCAATTCCCTGGAGCTTGGTGACTCTGCTGTGTATTTCTGTGCCAGCACACTAGCCCACACAGATACGCAGTATTTTGGCCCA"	FALSE	TRUE	NA	NA	NA	NA	12211	"Blood"
"TCGGCCCAAAAGAACCCGACAGCTTTCTATCTCTGTGCCAGTAGTAACAGGCTCCCCTCTGGGGCCAACGTCCTGACTTTCGGGGCC"	"CASSNRLPSGANVLTF"	"TCGGCCCAAAAGAACCCGACAGCTTTCTATCTCTGTGCCAGTAGTAACAGGCTCCCCTCTGGGGCCAACGTCCTGACTTTCGGGGCC"	"CASSNRLPSGANVLTF"	1	"TCRBV19-1*01"	"TCRBD1-1*01"	"TCRBJ2-6*01"	-1	46	51	56	47	5	NA	NA	"TCGGCCCAAAAGAACCCGACAGCTTTCTATCTCTGTGCCAGTAGTAACAGGCTCCCCTCTGGGGCCAACGTCCTGACTTTCGGGGCC"	FALSE	TRUE	NA	NA	NA	NA	12211	"Blood"
"AACGCCTTGTGGCTGGGGGACTCGGCCCTCTATCTCTGTGCCAGCAGCTTCCGGGGGCTAGCCAAAAACATTCAGTACTTCGGCGCC"	"CASSFRGLAKNIQYF"	"AACGCCTTGTGGCTGGGGGACTCGGCCCTCTATCTCTGTGCCAGCAGCTTCCGGGGGCTAGCCAAAAACATTCAGTACTTCGGCGCC"	"CASSFRGLAKNIQYF"	1	"TCRBV5-6*01"	"NA"	"TCRBJ2-4*01"	50	52	58	59	2	1	NA	NA	"AACGCCTTGTGGCTGGGGGACTCGGCCCTCTATCTCTGTGCCAGCAGCTTCCGGGGGCTAGCCAAAAACATTCAGTACTTCGGCGCC"	FALSE	TRUE	NA	NA	NA	NA	12211	"Blood"
"AAGATCCAGCGCACAGAGCGGGGGGACTCAGCCGTGTATCTCTGTGCCAGCAGATCGGAGAGGAACACTGAAGCTTTCTTTGGACAA"	"CASRSERNTEAFF"	"AAGATCCAGCGCACAGAGCGGGGGGACTCAGCCGTGTATCTCTGTGCCAGCAGATCGGAGAGGAACACTGAAGCTTTCTTTGGACAA"	"CASRSERNTEAFF"	1	"TCRBV7-3*01"	"TCRBD2-1*02"	"TCRBJ1-1*01"	53	56	60	62	3	2	NA	NA	"AAGATCCAGCGCACAGAGCGGGGGGACTCAGCCGTGTATCTCTGTGCCAGCAGATCGGAGAGGAACACTGAAGCTTTCTTTGGACAA"	FALSE	TRUE	NA	NA	NA	NA	12211	"Blood"
"NNNNTGTCGGCTGCTCCCTCCCAAACATCTGTGTACTTCTGTGCCAGCAGTTACTCGGGCTCCTACTACGAGCAGTACTTCGGGCCG"	"CASSYSGSYYEQYF"	"NNNNTGTCGGCTGCTCCCTCCCAAACATCTGTGTACTTCTGTGCCAGCAGTTACTCGGGCTCCTACTACGAGCAGTACTTCGGGCCG"	"CASSYSGSYYEQYF"	1	"TCRBV6-2/6-3*01"	"TCRBD1-1*01"	"TCRBJ2-7*01"	-1	56	60	65	57	5	NA	NA	"NNNNTGTCGGCTGCTCCCTCCCAAACATCTGTGTACTTCTGTGCCAGCAGTTACTCGGGCTCCTACTACGAGCAGTACTTCGGGCCG"	FALSE	TRUE	NA	NA	NA	NA	12211	"Blood"
"ACTGTGAGCAACATGAGCCCTGAAGACAGCAGCATATATCTCTGCAGCGTTGGAGGGACGGGGGCAGAGACCCAGTACTTCGGGCCA"	"CSVGGTGAETQYF"	"ACTGTGAGCAACATGAGCCCTGAAGACAGCAGCATATATCTCTGCAGCGTTGGAGGGACGGGGGCAGAGACCCAGTACTTCGGGCCA"	"CSVGGTGAETQYF"	1	"TCRBV29-1"	"NA"	"TCRBJ2-5*01"	52	59	-1	65	7	66	NA	NA	"ACTGTGAGCAACATGAGCCCTGAAGACAGCAGCATATATCTCTGCAGCGTTGGAGGGACGGGGGCAGAGACCCAGTACTTCGGGCCA"	FALSE	TRUE	NA	NA	NA	NA	12211	"Blood"
"TTGCTGGGGGACTCGGCCCTCTATCTCTGTGCCAGCAGCTTGGTTATCCAGCGGGGGGGGGTCACAGATACGCAGTATTTTGGCCCA"	"CASSLVIQRGGVTDTQYF"	"TTGCTGGGGGACTCGGCCCTCTATCTCTGTGCCAGCAGCTTGGTTATCCAGCGGGGGGGGGTCACAGATACGCAGTATTTTGGCCCA"	"CASSLVIQRGGVTDTQYF"	1	"TCRBV5-6*01"	"TCRBD2-1*01"	"TCRBJ2-3*01"	43	49	59	62	6	3	NA	NA	"TTGCTGGGGGACTCGGCCCTCTATCTCTGTGCCAGCAGCTTGGTTATCCAGCGGGGGGGGGTCACAGATACGCAGTATTTTGGCCCA"	FALSE	TRUE	NA	NA	NA	NA	12211	"Blood"
"GTGAACGCCTTGTTGCTGGGGGACTCGGCCCTGTATCTCTGTGCCAGCAGCTTGGATGTAGGGGCTGCTGGCTACACCTTCGGTTCG"	"CASSLDVGAAGYTF"	"GTGAACGCCTTGTTGCTGGGGGACTCGGCCCTGTATCTCTGTGCCAGCAGCTTGGATGTAGGGGCTGCTGGCTACACCTTCGGTTCG"	"CASSLDVGAAGYTF"	1	"TCRBV5-5*01"	"TCRBD1-1*01"	"TCRBJ1-2*01"	55	59	64	68	4	4	NA	NA	"GTGAACGCCTTGTTGCTGGGGGACTCGGCCCTGTATCTCTGTGCCAGCAGCTTGGATGTAGGGGCTGCTGGCTACACCTTCGGTTCG"	FALSE	TRUE	NA	NA	NA	NA	12211	"Blood"
"CAGCGCACAGAGCAGGGGGACTCGGCCATGTATCTCTGTGCCAGCAGCTCATACGAGGGGCCCTCAAACGGGCCGCATTTTGGCCCA"	"CASSSYEGPSNGPHF"	"CAGCGCACAGAGCAGGGGGACTCGGCCATGTATCTCTGTGCCAGCAGCTCATACGAGGGGCCCTCAAACGGGCCGCATTTTGGCCCA"	"CASSSYEGPSNGPHF"	1	"TCRBV7-9*01"	"NA"	"TCRBJ2-3*01"	49	55	60	76	6	16	NA	NA	"CAGCGCACAGAGCAGGGGGACTCGGCCATGTATCTCTGTGCCAGCAGCTCATACGAGGGGCCCTCAAACGGGCCGCATTTTGGCCCA"	FALSE	TRUE	NA	NA	NA	NA	12211	"Blood"
"AGCTCTCTGGAGCTGGGGGACTCAGCTTTGTATTTCTGTGCCAGCAGCGCACTAGCGGGAGTGCCAGATACGCAGTATTTTGGCCCA"	"CASSALAGVPDTQYF"	"AGCTCTCTGGAGCTGGGGGACTCAGCTTTGTATTTCTGTGCCAGCAGCGCACTAGCGGGAGTGCCAGATACGCAGTATTTTGGCCCA"	"CASSALAGVPDTQYF"	1	"TCRBV9-1*01"	"TCRBD2-1*02"	"TCRBJ2-3*01"	49	50	61	64	1	3	NA	NA	"AGCTCTCTGGAGCTGGGGGACTCAGCTTTGTATTTCTGTGCCAGCAGCGCACTAGCGGGAGTGCCAGATACGCAGTATTTTGGCCCA"	FALSE	TRUE	NA	NA	NA	NA	12211	"Blood"
"GGGACACAGCACTGTATTTCTGTGCCAGCAGCCCGGGCAATACGGGATGTTGCGGGAGGGTTGTGGAATGAGCAGTTCTTCGGGCCA"	NA	"GGGACACAGCACTGTATTTCTGTGCCAGCAGCCCGGGCAATACGGGATGTTGCGGGAGGGTTGTGGAATGAGCAGTTCTTCGGGCCA"	NA	1	"TCRBV21-1*01"	"TCRBD2-1*02"	"TCRBJ2-1*01"	32	51	60	66	19	6	NA	NA	"GGGACACAGCACTGTATTTCTGTGCCAGCAGCCCGGGCAATACGGGATGTTGCGGGAGGGTTGTGGAATGAGCAGTTCTTCGGGCCA"	FALSE	FALSE	NA	NA	NA	NA	12211	"Blood"
"TCCACGGAGTCAGGGGACACAGCACTGTATTTCTGTGCCAGCAGCAAAGATATCGGAGACCCTAATGAAAAACTGTTTTTTGGCAGT"	"CASSKDIGDPNEKLFF"	"TCCACGGAGTCAGGGGACACAGCACTGTATTTCTGTGCCAGCAGCAAAGATATCGGAGACCCTAATGAAAAACTGTTTTTTGGCAGT"	"CASSKDIGDPNEKLFF"	1	"TCRBV21-1*01"	"TCRBD2-1*02"	"TCRBJ1-4*01"	49	54	58	61	5	3	NA	NA	"TCCACGGAGTCAGGGGACACAGCACTGTATTTCTGTGCCAGCAGCAAAGATATCGGAGACCCTAATGAAAAACTGTTTTTTGGCAGT"	FALSE	TRUE	NA	NA	NA	NA	12211	"Blood"
"ACCCTGCAGCCAGAAGACTCGGCCCTGTATCTCTGTGCCAGCAGCCGCCTGACTAGCGGGAGCTCCTATGAGCAGTTCTTCGGGCCA"	"CASSRLTSGSSYEQFF"	"ACCCTGCAGCCAGAAGACTCGGCCCTGTATCTCTGTGCCAGCAGCCGCCTGACTAGCGGGAGCTCCTATGAGCAGTTCTTCGGGCCA"	"CASSRLTSGSSYEQFF"	1	"TCRBV4-2*01"	"TCRBD2-1*02"	"TCRBJ2-1*01"	46	50	62	67	4	5	NA	NA	"ACCCTGCAGCCAGAAGACTCGGCCCTGTATCTCTGTGCCAGCAGCCGCCTGACTAGCGGGAGCTCCTATGAGCAGTTCTTCGGGCCA"	FALSE	TRUE	NA	NA	NA	NA	12211	"Blood"
"ACTGTGACATCGGCCCAAAAGAACCCGACAGCTTTCTATCTCTGTGCCAGTAGTAACACCGGGACAGGCCTTGCATTCTTCGGGCCA"	"CASSNTGTGLAFF"	"ACTGTGACATCGGCCCAAAAGAACCCGACAGCTTTCTATCTCTGTGCCAGTAGTAACACCGGGACAGGCCTTGCATTCTTCGGGCCA"	"CASSNTGTGLAFF"	1	"TCRBV19-1*01"	"TCRBD1-1*01"	"TCRBJ2-1*01"	55	60	68	75	5	7	NA	NA	"ACTGTGACATCGGCCCAAAAGAACCCGACAGCTTTCTATCTCTGTGCCAGTAGTAACACCGGGACAGGCCTTGCATTCTTCGGGCCA"	FALSE	TRUE	NA	NA	NA	NA	12211	"Blood"
"GCCTTGGAGCTGGAGGACTCGGCCCTGTATCTCTGTGCCAGCAACCGTCCCGGGACTAGCGGCACAGATACGCAGTATTTTGGCCCA"	"CASNRPGTSGTDTQYF"	"GCCTTGGAGCTGGAGGACTCGGCCCTGTATCTCTGTGCCAGCAACCGTCCCGGGACTAGCGGCACAGATACGCAGTATTTTGGCCCA"	"CASNRPGTSGTDTQYF"	1	"TCRBV5-8*01"	"TCRBD2-1"	"TCRBJ2-3*01"	43	51	-1	61	8	62	NA	NA	"GCCTTGGAGCTGGAGGACTCGGCCCTGTATCTCTGTGCCAGCAACCGTCCCGGGACTAGCGGCACAGATACGCAGTATTTTGGCCCA"	FALSE	TRUE	NA	NA	NA	NA	12211	"Blood"
"CCACGGAGTCAGGGGACACAGCACTGTATTTCCGTGCCAGCAGGCCTATTATAGCTACACATTCGCACTGAAGCTTTCTTTGGACAA"	NA	"CCACGGAGTCAGGGGACACAGCACTGTATTTCCGTGCCAGCAGGCCTATTATAGCTACACATTCGCACTGAAGCTTTCTTTGGACAA"	NA	1	"TCRBV21-1*01"	"TCRBD2-1"	"TCRBJ1-1*01"	43	51	55	65	8	10	NA	NA	"CCACGGAGTCAGGGGACACAGCACTGTATTTCCGTGCCAGCAGGCCTATTATAGCTACACATTCGCACTGAAGCTTTCTTTGGACAA"	FALSE	FALSE	NA	NA	NA	NA	12211	"Blood"
